"","Rank","Names","ID","Final","Q2","Q3","Q4","E1","Q5","Q6","Q7","E2","Q9","Q10","E3","Bonus","Attendence","E3.1","Bonus.1","Attendence.1"
"13",1,"陳彥翰","B032040001",115.2,15,25,30,97,30,30,60,81,42,25,104,5,8,104,5,8
"20",2,"洪?峰","B032040009",106.6,30,25,30,85,30,30,60,98,45,40,90,1,8,90,1,8
"57",3,"周倜","I052040003",102.3,15,25,30,100,30,30,50,86,45,20,87,1,7,87,1,7
"32",4,"張肇尹","B032040022",93,30,25,20,74,0,15,45,83,30,15,72,5,3,72,5,3
"24",5,"魏丞偉","B032040013",92.7,30,15,25,80,30,30,43,76,40,15,83,1,7,83,1,7
"28",6,"郭睿心","B032040017",91.7,20,25,15,64,5,25,58,75,10,20,101,2,8,101,2,8
"40",7,"林修平","B032040038",88.2,30,15,30,37,0,30,19,76,35,25,92,4,8,92,4,8
"48",8,"王華生","B032040047",88.2,20,20,10,55,10,15,55,98,50,25,72,1,8,72,1,8
"19",9,"李家豪","B032040008",83.8,15,20,25,47,20,20,35,81,45,10,84,2,8,84,2,8
"51",10,"鄭筑云","B032040055",76,0,20,30,49,0,30,40,55,35,10,64,1,4,74,1,4
"21",11,"楊奕正","B032040010",75.7,10,15,25,34,5,25,40,68,40,20,71,2,8,71,2,8
"52",12,"談又銘","B032040056",75.2,30,30,30,58,0,0,0,25,45,23,90,0,1,90,0,1
"17",13,"楊曜謙","B032040006",72.8,5,15,5,54,0,20,40,37,40,5,82,3,7,82,3,7
"42",14,"曾永恩","B032040040",71.8,30,20,25,50,0,15,25,38,15,0,104,0,6,104,0,6
"18",15,"林宗儒","B032040007",70.5,0,25,25,30,15,30,58,57,45,22,55,0,2,55,0,2
"26",16,"柯信華","B032040015",70.3,5,25,30,39,10,15,10,56,35,10,61,5,7,61,5,7
"43",17,"蔡孟容","B032040041",69.8,15,20,30,44,10,15,28,59,35,22,54,3,8,54,4,8
"16",18,"古博升","B032040005",68.5,0,5,25,11,15,5,39,53,45,35,53,4,8,53,4,8
"39",19,"郭昱維","B032040037",64.8,10,20,10,32,0,20,15,45,13,5,86,4,8,86,4,8
"37",20,"王藝璇","B032040032",62.4,15,5,30,22,0,20,25,43,15,30,78,1,7,78,1,7
"33",21,"黃敬皓","B032040024",62.2,15,10,30,33,0,30,13,63,15,5,68,1,8,68,1,8
"30",22,"張若怡","B032040019",61.5,0,15,5,11,0,5,30,60,35,5,91,1,3,91,1,3
"15",23,"張媛婷","B032040004",61.4,5,15,20,47,15,20,30,53,20,20,58,1,8,58,1,8
"49",24,"林雅純","B032040050",55.1,5,15,30,34,0,5,5,48,40,3,59,1,8,59,1,8
"6",25,"林柏言","B022040026",52,5,5,30,36,0,0,0,20,42,20,68,0,8,68,0,8
"29",26,"林玟妗","B032040018",51.8,10,10,30,43,15,0,6,35,25,10,54,1,7,54,1,7
"14",27,"吳紹維","B032040003",47.5,0,30,0,43,0,15,10,40,33,3,29,2,8,29,2,8
"27",28,"張靖文","B032040016",46.7,0,10,15,15,0,10,15,48,20,5,47,3,8,47,3,8
"23",29,"劉孟承","B032040012",45.6,0,0,20,45,0,20,0,57,45,5,24,0,1,24,0,1
"10",30,"高培倫","B022040039",44.4,5,25,25,29,0,0,11,27,22,0,52,0,6,52,0,6
"45",31,"楊詠丞","B032040044",44.1,0,0,15,12,10,0,0,40,40,0,69,0,2,69,0,2
"55",32,"鄭瑞龍","B042040048",43.9,15,20,15,28,0,25,24,33,0,0,33,1,6,33,1,6
"3",33,"鍾華","B012040055",43.8,0,15,0,41,0,30,3,55,0,0,50,0,1,50,0,1
"44",34,"陳士勛","B032040043",42.8,10,0,20,29,0,15,0,40,0,0,60,1,4,60,1,4
"54",35,"鄭惟泉","B042040046",42,20,10,20,25,0,25,35,35,0,2,20,1,7,20,1,7
"56",36,"周志健","B042040055",41.9,20,10,20,33,0,30,15,25,0,10,31,1,7,31,1,7
"35",37,"陳定宇","B032040027",32.7,0,10,10,29,0,5,0,41,0,0,39,1,6,39,1,6
"4",38,"沈永平","B022040007",31.5,0,15,5,12,0,0,10,43,2,3,45,0,8,45,0,8
"47",39,"廖釩宇","B032040046",30.8,0,5,0,21,0,10,18,23,0,19,32,1,8,32,1,8
"31",40,"林柏宏","B032040021",20.4,0,15,15,17,0,5,18,22,0,0,0,1,6,0,1,6
"7",41,"伍聿男","B022040028",18.2,15,15,30,11,0,0,0,0,0,0,0,2,6,0,2,6
"22",42,"嚴美杰","B032040011",16.4,15,15,30,22,0,0,0,0,0,0,0,0,0,0,0,0
"9",43,"趙丞德","B022040031",11.8,0,0,20,39,0,0,0,0,0,0,0,0,3,0,0,3
"41",44,"陸建甫","B032040039",10.9,0,0,0,14,0,0,0,25,6,5,3,0,6,3,0,6
"12",45,"康令杰","B022040056",10.4,0,0,5,27,0,0,0,20,0,0,0,0,3,0,0,3
"34",46,"凌賢哲","B032040026",10.4,0,0,5,30,0,5,0,12,0,0,0,0,0,0,0,0
"1",47,"張祐綸","B012040040",9,0,0,0,35,0,0,0,10,0,0,0,0,0,0,0,0
"2",48,"郭　永","B012040051",8,0,15,0,25,0,0,0,0,0,0,0,0,1,0,0,1
"11",49,"沈彥霆","B022040041",6,0,5,0,25,0,0,0,0,0,0,0,0,4,0,0,4
"46",50,"陳俊嘉","B032040045",5.8,0,0,20,9,0,0,0,0,0,0,0,0,1,0,0,1
"8",51,"蕭綿妤","B022040029",4.8,0,0,0,24,0,0,0,0,0,0,0,0,0,0,0,0
"50",52,"蘇瑾婧","B032040054",1,5,0,0,0,0,0,0,0,0,0,0,0,2,0,0,2
"36",53,"葛岱岩","B032040028",0.4,0,0,0,2,0,0,0,0,0,0,0,0,0,0,0,0
"5",54,"潘捷麟","B022040013",0,0,0,0,0,0,0,0,0,0,0,0,0,0,0,0,0
"25",55,"蔡奇軒","B032040014",0,0,0,0,0,0,0,0,0,0,0,0,0,2,0,0,2
"38",56,"謝宗諺","B032040034",0,0,0,0,0,0,0,0,0,0,0,0,0,0,0,0,0
"53",57,"許鼎承","B042040042",0,0,0,0,0,0,0,0,0,0,0,0,0,0,0,0,0
